{"val_loss": [5.932428503647829], "val_acc": [0.005008012820512821], "loss": [0.4522867023383147], "acc": [0.9991442923186344]}