{"R": 122.43224220920139, "G": 114.2179933376736, "B": 101.33134998101129}